{
  "document_tone": {
    "tone_categories": [
      {
        "tones": [
          {
            "score": 0.123956,
            "tone_id": "anger",
            "tone_name": "Anger"
          },
          {
            "score": 0.658586,
            "tone_id": "disgust",
            "tone_name": "Disgust"
          },
          {
            "score": 0.062016,
            "tone_id": "fear",
            "tone_name": "Fear"
          },
          {
            "score": 0.003347,
            "tone_id": "joy",
            "tone_name": "Joy"
          },
          {
            "score": 0.152095,
            "tone_id": "sadness",
            "tone_name": "Sadness"
          }
        ],
        "category_id": "emotion_tone",
        "category_name": "Emotion Tone"
      },
      {
        "tones": [
          {
            "score": 0.694,
            "tone_id": "analytical",
            "tone_name": "Analytical"
          },
          {
            "score": 0.318,
            "tone_id": "confident",
            "tone_name": "Confident"
          },
          {
            "score": 0,
            "tone_id": "tentative",
            "tone_name": "Tentative"
          }
        ],
        "category_id": "writing_tone",
        "category_name": "Writing Tone"
      },
      {
        "tones": [
          {
            "score": 0.073,
            "tone_id": "openness_big5",
            "tone_name": "Openness"
          },
          {
            "score": 0.196,
            "tone_id": "conscientiousness_big5",
            "tone_name": "Conscientiousness"
          },
          {
            "score": 0.704,
            "tone_id": "extraversion_big5",
            "tone_name": "Extraversion"
          },
          {
            "score": 0.915,
            "tone_id": "agreeableness_big5",
            "tone_name": "Agreeableness"
          },
          {
            "score": 0.903,
            "tone_id": "neuroticism_big5",
            "tone_name": "Emotional Range"
          }
        ],
        "category_id": "social_tone",
        "category_name": "Social Tone"
      }
    ]
  },
  "sentences_tone": [
    {
      "sentence_id": 0,
      "text": "Hi Team,",
      "input_from": 0,
      "input_to": 8,
      "tone_categories": [
        {
          "tones": [
            {
              "score": 0,
              "tone_id": "Anger",
              "tone_name": "Anger",
              "tone_category_id": "emotion_tone",
              "tone_category_name": "Emotion Tone"
            },
            {
              "score": 0,
              "tone_id": "Disgust",
              "tone_name": "Disgust",
              "tone_category_id": "emotion_tone",
              "tone_category_name": "Emotion Tone"
            },
            {
              "score": 0,
              "tone_id": "Fear",
              "tone_name": "Fear",
              "tone_category_id": "emotion_tone",
              "tone_category_name": "Emotion Tone"
            },
            {
              "score": 0,
              "tone_id": "Joy",
              "tone_name": "Joy",
              "tone_category_id": "emotion_tone",
              "tone_category_name": "Emotion Tone"
            },
            {
              "score": 0,
              "tone_id": "Sadness",
              "tone_name": "Sadness",
              "tone_category_id": "emotion_tone",
              "tone_category_name": "Emotion Tone"
            }
          ],
          "category_id": "emotion_tone",
          "category_name": "Emotion Tone"
        },
        {
          "tones": [
            {
              "score": 0,
              "tone_id": "Analytical",
              "tone_name": "Analytical",
              "tone_category_id": "writing_tone",
              "tone_category_name": "Writing Tone"
            },
            {
              "score": 0,
              "tone_id": "Confident",
              "tone_name": "Confident",
              "tone_category_id": "writing_tone",
              "tone_category_name": "Writing Tone"
            },
            {
              "score": 0,
              "tone_id": "Tentative",
              "tone_name": "Tentative",
              "tone_category_id": "writing_tone",
              "tone_category_name": "Writing Tone"
            }
          ],
          "category_id": "writing_tone",
          "category_name": "Writing Tone"
        },
        {
          "tones": [
            {
              "score": 0,
              "tone_id": "Openness_Big5",
              "tone_name": "Openness",
              "tone_category_id": "social_tone",
              "tone_category_name": "Social Tone"
            },
            {
              "score": 0,
              "tone_id": "Conscientiousness_Big5",
              "tone_name": "Conscientiousness",
              "tone_category_id": "social_tone",
              "tone_category_name": "Social Tone"
            },
            {
              "score": 0,
              "tone_id": "Extraversion_Big5",
              "tone_name": "Extraversion",
              "tone_category_id": "social_tone",
              "tone_category_name": "Social Tone"
            },
            {
              "score": 0,
              "tone_id": "Agreeableness_Big5",
              "tone_name": "Agreeableness",
              "tone_category_id": "social_tone",
              "tone_category_name": "Social Tone"
            },
            {
              "score": 0,
              "tone_id": "Neuroticism_Big5",
              "tone_name": "Emotional Range",
              "tone_category_id": "social_tone",
              "tone_category_name": "Social Tone"
            }
          ],
          "category_id": "social_tone",
          "category_name": "Social Tone"
        }
      ],
      "className": ""
    },
    {
      "sentence_id": 1,
      "text": "I know the times are difficult!",
      "input_from": 11,
      "input_to": 42,
      "tone_categories": [
        {
          "tones": [
            {
              "score": 0.118277,
              "tone_id": "anger",
              "tone_name": "Anger"
            },
            {
              "score": 0.2862,
              "tone_id": "disgust",
              "tone_name": "Disgust"
            },
            {
              "score": 0.263716,
              "tone_id": "fear",
              "tone_name": "Fear"
            },
            {
              "score": 0.16128,
              "tone_id": "joy",
              "tone_name": "Joy"
            },
            {
              "score": 0.170527,
              "tone_id": "sadness",
              "tone_name": "Sadness"
            }
          ],
          "category_id": "emotion_tone",
          "category_name": "Emotion Tone"
        },
        {
          "tones": [
            {
              "score": 0.892,
              "tone_id": "analytical",
              "tone_name": "Analytical"
            },
            {
              "score": 0,
              "tone_id": "confident",
              "tone_name": "Confident"
            },
            {
              "score": 0,
              "tone_id": "tentative",
              "tone_name": "Tentative"
            }
          ],
          "category_id": "writing_tone",
          "category_name": "Writing Tone"
        },
        {
          "tones": [
            {
              "score": 0.07,
              "tone_id": "openness_big5",
              "tone_name": "Openness"
            },
            {
              "score": 0.291,
              "tone_id": "conscientiousness_big5",
              "tone_name": "Conscientiousness"
            },
            {
              "score": 0.37,
              "tone_id": "extraversion_big5",
              "tone_name": "Extraversion"
            },
            {
              "score": 0.165,
              "tone_id": "agreeableness_big5",
              "tone_name": "Agreeableness"
            },
            {
              "score": 0.959,
              "tone_id": "neuroticism_big5",
              "tone_name": "Emotional Range"
            }
          ],
          "category_id": "social_tone",
          "category_name": "Social Tone"
        }
      ],
      "className": "original-text--sentence_openness-low"
    },
    {
      "sentence_id": 2,
      "text": "Our sales have been disappointing for the past three quarters for our data analytics product suite.",
      "input_from": 43,
      "input_to": 142,
      "tone_categories": [
        {
          "tones": [
            {
              "score": 0.045104,
              "tone_id": "anger",
              "tone_name": "Anger"
            },
            {
              "score": 0.22303,
              "tone_id": "disgust",
              "tone_name": "Disgust"
            },
            {
              "score": 0.244881,
              "tone_id": "fear",
              "tone_name": "Fear"
            },
            {
              "score": 0.176753,
              "tone_id": "joy",
              "tone_name": "Joy"
            },
            {
              "score": 0.310232,
              "tone_id": "sadness",
              "tone_name": "Sadness"
            }
          ],
          "category_id": "emotion_tone",
          "category_name": "Emotion Tone"
        },
        {
          "tones": [
            {
              "score": 0.379,
              "tone_id": "analytical",
              "tone_name": "Analytical"
            },
            {
              "score": 0,
              "tone_id": "confident",
              "tone_name": "Confident"
            },
            {
              "score": 0,
              "tone_id": "tentative",
              "tone_name": "Tentative"
            }
          ],
          "category_id": "writing_tone",
          "category_name": "Writing Tone"
        },
        {
          "tones": [
            {
              "score": 0.174,
              "tone_id": "openness_big5",
              "tone_name": "Openness"
            },
            {
              "score": 0.367,
              "tone_id": "conscientiousness_big5",
              "tone_name": "Conscientiousness"
            },
            {
              "score": 0.41,
              "tone_id": "extraversion_big5",
              "tone_name": "Extraversion"
            },
            {
              "score": 0.753,
              "tone_id": "agreeableness_big5",
              "tone_name": "Agreeableness"
            },
            {
              "score": 0.803,
              "tone_id": "neuroticism_big5",
              "tone_name": "Emotional Range"
            }
          ],
          "category_id": "social_tone",
          "category_name": "Social Tone"
        }
      ],
      "className": "original-text--sentence_openness-low"
    },
    {
      "sentence_id": 3,
      "text": "We have a competitive data analytics product suite in the industry.",
      "input_from": 143,
      "input_to": 210,
      "tone_categories": [
        {
          "tones": [
            {
              "score": 0.126866,
              "tone_id": "anger",
              "tone_name": "Anger"
            },
            {
              "score": 0.278464,
              "tone_id": "disgust",
              "tone_name": "Disgust"
            },
            {
              "score": 0.15618,
              "tone_id": "fear",
              "tone_name": "Fear"
            },
            {
              "score": 0.176164,
              "tone_id": "joy",
              "tone_name": "Joy"
            },
            {
              "score": 0.262326,
              "tone_id": "sadness",
              "tone_name": "Sadness"
            }
          ],
          "category_id": "emotion_tone",
          "category_name": "Emotion Tone"
        },
        {
          "tones": [
            {
              "score": 0.608,
              "tone_id": "analytical",
              "tone_name": "Analytical"
            },
            {
              "score": 0,
              "tone_id": "confident",
              "tone_name": "Confident"
            },
            {
              "score": 0,
              "tone_id": "tentative",
              "tone_name": "Tentative"
            }
          ],
          "category_id": "writing_tone",
          "category_name": "Writing Tone"
        },
        {
          "tones": [
            {
              "score": 0.627,
              "tone_id": "openness_big5",
              "tone_name": "Openness"
            },
            {
              "score": 0.928,
              "tone_id": "conscientiousness_big5",
              "tone_name": "Conscientiousness"
            },
            {
              "score": 0.035,
              "tone_id": "extraversion_big5",
              "tone_name": "Extraversion"
            },
            {
              "score": 0.526,
              "tone_id": "agreeableness_big5",
              "tone_name": "Agreeableness"
            },
            {
              "score": 0.548,
              "tone_id": "neuroticism_big5",
              "tone_name": "Emotional Range"
            }
          ],
          "category_id": "social_tone",
          "category_name": "Social Tone"
        }
      ],
      "className": "original-text--sentence_openness-medium"
    },
    {
      "sentence_id": 4,
      "text": "But we need to do our job selling it!",
      "input_from": 211,
      "input_to": 248,
      "tone_categories": [
        {
          "tones": [
            {
              "score": 0.150106,
              "tone_id": "anger",
              "tone_name": "Anger"
            },
            {
              "score": 0.213564,
              "tone_id": "disgust",
              "tone_name": "Disgust"
            },
            {
              "score": 0.253447,
              "tone_id": "fear",
              "tone_name": "Fear"
            },
            {
              "score": 0.277352,
              "tone_id": "joy",
              "tone_name": "Joy"
            },
            {
              "score": 0.105531,
              "tone_id": "sadness",
              "tone_name": "Sadness"
            }
          ],
          "category_id": "emotion_tone",
          "category_name": "Emotion Tone"
        },
        {
          "tones": [
            {
              "score": 0.722,
              "tone_id": "analytical",
              "tone_name": "Analytical"
            },
            {
              "score": 0,
              "tone_id": "confident",
              "tone_name": "Confident"
            },
            {
              "score": 0,
              "tone_id": "tentative",
              "tone_name": "Tentative"
            }
          ],
          "category_id": "writing_tone",
          "category_name": "Writing Tone"
        },
        {
          "tones": [
            {
              "score": 0.02,
              "tone_id": "openness_big5",
              "tone_name": "Openness"
            },
            {
              "score": 0.024,
              "tone_id": "conscientiousness_big5",
              "tone_name": "Conscientiousness"
            },
            {
              "score": 0.828,
              "tone_id": "extraversion_big5",
              "tone_name": "Extraversion"
            },
            {
              "score": 0.946,
              "tone_id": "agreeableness_big5",
              "tone_name": "Agreeableness"
            },
            {
              "score": 0.969,
              "tone_id": "neuroticism_big5",
              "tone_name": "Emotional Range"
            }
          ],
          "category_id": "social_tone",
          "category_name": "Social Tone"
        }
      ],
      "className": "original-text--sentence_openness-low"
    },
    {
      "sentence_id": 5,
      "text": "We need to acknowledge and fix our sales challenges.",
      "input_from": 251,
      "input_to": 303,
      "tone_categories": [
        {
          "tones": [
            {
              "score": 0.267893,
              "tone_id": "anger",
              "tone_name": "Anger"
            },
            {
              "score": 0.138824,
              "tone_id": "disgust",
              "tone_name": "Disgust"
            },
            {
              "score": 0.314104,
              "tone_id": "fear",
              "tone_name": "Fear"
            },
            {
              "score": 0.090092,
              "tone_id": "joy",
              "tone_name": "Joy"
            },
            {
              "score": 0.189088,
              "tone_id": "sadness",
              "tone_name": "Sadness"
            }
          ],
          "category_id": "emotion_tone",
          "category_name": "Emotion Tone"
        },
        {
          "tones": [
            {
              "score": 0.722,
              "tone_id": "analytical",
              "tone_name": "Analytical"
            },
            {
              "score": 0,
              "tone_id": "confident",
              "tone_name": "Confident"
            },
            {
              "score": 0,
              "tone_id": "tentative",
              "tone_name": "Tentative"
            }
          ],
          "category_id": "writing_tone",
          "category_name": "Writing Tone"
        },
        {
          "tones": [
            {
              "score": 0.036,
              "tone_id": "openness_big5",
              "tone_name": "Openness"
            },
            {
              "score": 0.469,
              "tone_id": "conscientiousness_big5",
              "tone_name": "Conscientiousness"
            },
            {
              "score": 0.927,
              "tone_id": "extraversion_big5",
              "tone_name": "Extraversion"
            },
            {
              "score": 0.988,
              "tone_id": "agreeableness_big5",
              "tone_name": "Agreeableness"
            },
            {
              "score": 0.877,
              "tone_id": "neuroticism_big5",
              "tone_name": "Emotional Range"
            }
          ],
          "category_id": "social_tone",
          "category_name": "Social Tone"
        }
      ],
      "className": "original-text--sentence_openness-low"
    },
    {
      "sentence_id": 6,
      "text": "We can’t blame the economy for our lack of execution!",
      "input_from": 304,
      "input_to": 357,
      "tone_categories": [
        {
          "tones": [
            {
              "score": 0.233837,
              "tone_id": "anger",
              "tone_name": "Anger"
            },
            {
              "score": 0.365347,
              "tone_id": "disgust",
              "tone_name": "Disgust"
            },
            {
              "score": 0.159349,
              "tone_id": "fear",
              "tone_name": "Fear"
            },
            {
              "score": 0.087905,
              "tone_id": "joy",
              "tone_name": "Joy"
            },
            {
              "score": 0.153561,
              "tone_id": "sadness",
              "tone_name": "Sadness"
            }
          ],
          "category_id": "emotion_tone",
          "category_name": "Emotion Tone"
        },
        {
          "tones": [
            {
              "score": 0,
              "tone_id": "analytical",
              "tone_name": "Analytical"
            },
            {
              "score": 0,
              "tone_id": "confident",
              "tone_name": "Confident"
            },
            {
              "score": 0,
              "tone_id": "tentative",
              "tone_name": "Tentative"
            }
          ],
          "category_id": "writing_tone",
          "category_name": "Writing Tone"
        },
        {
          "tones": [
            {
              "score": 0.112,
              "tone_id": "openness_big5",
              "tone_name": "Openness"
            },
            {
              "score": 0.084,
              "tone_id": "conscientiousness_big5",
              "tone_name": "Conscientiousness"
            },
            {
              "score": 0.927,
              "tone_id": "extraversion_big5",
              "tone_name": "Extraversion"
            },
            {
              "score": 0.766,
              "tone_id": "agreeableness_big5",
              "tone_name": "Agreeableness"
            },
            {
              "score": 0.845,
              "tone_id": "neuroticism_big5",
              "tone_name": "Emotional Range"
            }
          ],
          "category_id": "social_tone",
          "category_name": "Social Tone"
        }
      ],
      "className": "original-text--sentence_openness-low"
    },
    {
      "sentence_id": 7,
      "text": "We are missing critical sales opportunities.",
      "input_from": 358,
      "input_to": 402,
      "tone_categories": [
        {
          "tones": [
            {
              "score": 0.119256,
              "tone_id": "anger",
              "tone_name": "Anger"
            },
            {
              "score": 0.090581,
              "tone_id": "disgust",
              "tone_name": "Disgust"
            },
            {
              "score": 0.181577,
              "tone_id": "fear",
              "tone_name": "Fear"
            },
            {
              "score": 0.201316,
              "tone_id": "joy",
              "tone_name": "Joy"
            },
            {
              "score": 0.40727,
              "tone_id": "sadness",
              "tone_name": "Sadness"
            }
          ],
          "category_id": "emotion_tone",
          "category_name": "Emotion Tone"
        },
        {
          "tones": [
            {
              "score": 0,
              "tone_id": "analytical",
              "tone_name": "Analytical"
            },
            {
              "score": 0,
              "tone_id": "confident",
              "tone_name": "Confident"
            },
            {
              "score": 0,
              "tone_id": "tentative",
              "tone_name": "Tentative"
            }
          ],
          "category_id": "writing_tone",
          "category_name": "Writing Tone"
        },
        {
          "tones": [
            {
              "score": 0.057,
              "tone_id": "openness_big5",
              "tone_name": "Openness"
            },
            {
              "score": 0.005,
              "tone_id": "conscientiousness_big5",
              "tone_name": "Conscientiousness"
            },
            {
              "score": 0.926,
              "tone_id": "extraversion_big5",
              "tone_name": "Extraversion"
            },
            {
              "score": 0.129,
              "tone_id": "agreeableness_big5",
              "tone_name": "Agreeableness"
            },
            {
              "score": 0.984,
              "tone_id": "neuroticism_big5",
              "tone_name": "Emotional Range"
            }
          ],
          "category_id": "social_tone",
          "category_name": "Social Tone"
        }
      ],
      "className": "original-text--sentence_openness-low"
    },
    {
      "sentence_id": 8,
      "text": "Our product  is in no way inferior to the competitor products.",
      "input_from": 403,
      "input_to": 465,
      "tone_categories": [
        {
          "tones": [
            {
              "score": 0.19154,
              "tone_id": "anger",
              "tone_name": "Anger"
            },
            {
              "score": 0.183283,
              "tone_id": "disgust",
              "tone_name": "Disgust"
            },
            {
              "score": 0.184723,
              "tone_id": "fear",
              "tone_name": "Fear"
            },
            {
              "score": 0.127318,
              "tone_id": "joy",
              "tone_name": "Joy"
            },
            {
              "score": 0.313136,
              "tone_id": "sadness",
              "tone_name": "Sadness"
            }
          ],
          "category_id": "emotion_tone",
          "category_name": "Emotion Tone"
        },
        {
          "tones": [
            {
              "score": 0.608,
              "tone_id": "analytical",
              "tone_name": "Analytical"
            },
            {
              "score": 0,
              "tone_id": "confident",
              "tone_name": "Confident"
            },
            {
              "score": 0,
              "tone_id": "tentative",
              "tone_name": "Tentative"
            }
          ],
          "category_id": "writing_tone",
          "category_name": "Writing Tone"
        },
        {
          "tones": [
            {
              "score": 0.482,
              "tone_id": "openness_big5",
              "tone_name": "Openness"
            },
            {
              "score": 0.182,
              "tone_id": "conscientiousness_big5",
              "tone_name": "Conscientiousness"
            },
            {
              "score": 0.149,
              "tone_id": "extraversion_big5",
              "tone_name": "Extraversion"
            },
            {
              "score": 0.386,
              "tone_id": "agreeableness_big5",
              "tone_name": "Agreeableness"
            },
            {
              "score": 0.912,
              "tone_id": "neuroticism_big5",
              "tone_name": "Emotional Range"
            }
          ],
          "category_id": "social_tone",
          "category_name": "Social Tone"
        }
      ],
      "className": "original-text--sentence_openness-low"
    },
    {
      "sentence_id": 9,
      "text": "Our clients are hungry for analytical tools to improve their business outcomes.",
      "input_from": 466,
      "input_to": 545,
      "tone_categories": [
        {
          "tones": [
            {
              "score": 0.157117,
              "tone_id": "anger",
              "tone_name": "Anger"
            },
            {
              "score": 0.210282,
              "tone_id": "disgust",
              "tone_name": "Disgust"
            },
            {
              "score": 0.104458,
              "tone_id": "fear",
              "tone_name": "Fear"
            },
            {
              "score": 0.310131,
              "tone_id": "joy",
              "tone_name": "Joy"
            },
            {
              "score": 0.218012,
              "tone_id": "sadness",
              "tone_name": "Sadness"
            }
          ],
          "category_id": "emotion_tone",
          "category_name": "Emotion Tone"
        },
        {
          "tones": [
            {
              "score": 0.556,
              "tone_id": "analytical",
              "tone_name": "Analytical"
            },
            {
              "score": 0,
              "tone_id": "confident",
              "tone_name": "Confident"
            },
            {
              "score": 0,
              "tone_id": "tentative",
              "tone_name": "Tentative"
            }
          ],
          "category_id": "writing_tone",
          "category_name": "Writing Tone"
        },
        {
          "tones": [
            {
              "score": 0.147,
              "tone_id": "openness_big5",
              "tone_name": "Openness"
            },
            {
              "score": 0.746,
              "tone_id": "conscientiousness_big5",
              "tone_name": "Conscientiousness"
            },
            {
              "score": 0.738,
              "tone_id": "extraversion_big5",
              "tone_name": "Extraversion"
            },
            {
              "score": 0.889,
              "tone_id": "agreeableness_big5",
              "tone_name": "Agreeableness"
            },
            {
              "score": 0.611,
              "tone_id": "neuroticism_big5",
              "tone_name": "Emotional Range"
            }
          ],
          "category_id": "social_tone",
          "category_name": "Social Tone"
        }
      ],
      "className": "original-text--sentence_openness-low"
    },
    {
      "sentence_id": 10,
      "text": "Economy has nothing to do with it.",
      "input_from": 546,
      "input_to": 580,
      "tone_categories": [
        {
          "tones": [
            {
              "score": 0.175714,
              "tone_id": "anger",
              "tone_name": "Anger"
            },
            {
              "score": 0.188913,
              "tone_id": "disgust",
              "tone_name": "Disgust"
            },
            {
              "score": 0.184733,
              "tone_id": "fear",
              "tone_name": "Fear"
            },
            {
              "score": 0.215093,
              "tone_id": "joy",
              "tone_name": "Joy"
            },
            {
              "score": 0.235547,
              "tone_id": "sadness",
              "tone_name": "Sadness"
            }
          ],
          "category_id": "emotion_tone",
          "category_name": "Emotion Tone"
        },
        {
          "tones": [
            {
              "score": 0,
              "tone_id": "analytical",
              "tone_name": "Analytical"
            },
            {
              "score": 0,
              "tone_id": "confident",
              "tone_name": "Confident"
            },
            {
              "score": 0,
              "tone_id": "tentative",
              "tone_name": "Tentative"
            }
          ],
          "category_id": "writing_tone",
          "category_name": "Writing Tone"
        },
        {
          "tones": [
            {
              "score": 0.466,
              "tone_id": "openness_big5",
              "tone_name": "Openness"
            },
            {
              "score": 0.227,
              "tone_id": "conscientiousness_big5",
              "tone_name": "Conscientiousness"
            },
            {
              "score": 0.062,
              "tone_id": "extraversion_big5",
              "tone_name": "Extraversion"
            },
            {
              "score": 0.285,
              "tone_id": "agreeableness_big5",
              "tone_name": "Agreeableness"
            },
            {
              "score": 0.7,
              "tone_id": "neuroticism_big5",
              "tone_name": "Emotional Range"
            }
          ],
          "category_id": "social_tone",
          "category_name": "Social Tone"
        }
      ],
      "className": "original-text--sentence_openness-low"
    },
    {
      "sentence_id": 11,
      "text": "In fact, it is in times such as this, our clients want to get the insights they need to turn their businesses around.",
      "input_from": 581,
      "input_to": 698,
      "tone_categories": [
        {
          "tones": [
            {
              "score": 0.082994,
              "tone_id": "anger",
              "tone_name": "Anger"
            },
            {
              "score": 0.229017,
              "tone_id": "disgust",
              "tone_name": "Disgust"
            },
            {
              "score": 0.261084,
              "tone_id": "fear",
              "tone_name": "Fear"
            },
            {
              "score": 0.140277,
              "tone_id": "joy",
              "tone_name": "Joy"
            },
            {
              "score": 0.286627,
              "tone_id": "sadness",
              "tone_name": "Sadness"
            }
          ],
          "category_id": "emotion_tone",
          "category_name": "Emotion Tone"
        },
        {
          "tones": [
            {
              "score": 0.181,
              "tone_id": "analytical",
              "tone_name": "Analytical"
            },
            {
              "score": 0.363,
              "tone_id": "confident",
              "tone_name": "Confident"
            },
            {
              "score": 0,
              "tone_id": "tentative",
              "tone_name": "Tentative"
            }
          ],
          "category_id": "writing_tone",
          "category_name": "Writing Tone"
        },
        {
          "tones": [
            {
              "score": 0.304,
              "tone_id": "openness_big5",
              "tone_name": "Openness"
            },
            {
              "score": 0.201,
              "tone_id": "conscientiousness_big5",
              "tone_name": "Conscientiousness"
            },
            {
              "score": 0.724,
              "tone_id": "extraversion_big5",
              "tone_name": "Extraversion"
            },
            {
              "score": 0.817,
              "tone_id": "agreeableness_big5",
              "tone_name": "Agreeableness"
            },
            {
              "score": 0.785,
              "tone_id": "neuroticism_big5",
              "tone_name": "Emotional Range"
            }
          ],
          "category_id": "social_tone",
          "category_name": "Social Tone"
        }
      ],
      "className": "original-text--sentence_openness-low"
    },
    {
      "sentence_id": 12,
      "text": "Let’s buckle up and execute.",
      "input_from": 699,
      "input_to": 727,
      "tone_categories": [
        {
          "tones": [
            {
              "score": 0.221441,
              "tone_id": "anger",
              "tone_name": "Anger"
            },
            {
              "score": 0.146111,
              "tone_id": "disgust",
              "tone_name": "Disgust"
            },
            {
              "score": 0.204242,
              "tone_id": "fear",
              "tone_name": "Fear"
            },
            {
              "score": 0.211022,
              "tone_id": "joy",
              "tone_name": "Joy"
            },
            {
              "score": 0.217185,
              "tone_id": "sadness",
              "tone_name": "Sadness"
            }
          ],
          "category_id": "emotion_tone",
          "category_name": "Emotion Tone"
        },
        {
          "tones": [
            {
              "score": 0,
              "tone_id": "analytical",
              "tone_name": "Analytical"
            },
            {
              "score": 0,
              "tone_id": "confident",
              "tone_name": "Confident"
            },
            {
              "score": 0,
              "tone_id": "tentative",
              "tone_name": "Tentative"
            }
          ],
          "category_id": "writing_tone",
          "category_name": "Writing Tone"
        },
        {
          "tones": [
            {
              "score": 0.122,
              "tone_id": "openness_big5",
              "tone_name": "Openness"
            },
            {
              "score": 0.901,
              "tone_id": "conscientiousness_big5",
              "tone_name": "Conscientiousness"
            },
            {
              "score": 0.957,
              "tone_id": "extraversion_big5",
              "tone_name": "Extraversion"
            },
            {
              "score": 0.991,
              "tone_id": "agreeableness_big5",
              "tone_name": "Agreeableness"
            },
            {
              "score": 0.038,
              "tone_id": "neuroticism_big5",
              "tone_name": "Emotional Range"
            }
          ],
          "category_id": "social_tone",
          "category_name": "Social Tone"
        }
      ],
      "className": "original-text--sentence_openness-low"
    },
    {
      "sentence_id": 13,
      "text": "In summary, we have a competitive product, and a hungry market.",
      "input_from": 730,
      "input_to": 793,
      "tone_categories": [
        {
          "tones": [
            {
              "score": 0.248614,
              "tone_id": "anger",
              "tone_name": "Anger"
            },
            {
              "score": 0.106064,
              "tone_id": "disgust",
              "tone_name": "Disgust"
            },
            {
              "score": 0.162191,
              "tone_id": "fear",
              "tone_name": "Fear"
            },
            {
              "score": 0.148078,
              "tone_id": "joy",
              "tone_name": "Joy"
            },
            {
              "score": 0.335053,
              "tone_id": "sadness",
              "tone_name": "Sadness"
            }
          ],
          "category_id": "emotion_tone",
          "category_name": "Emotion Tone"
        },
        {
          "tones": [
            {
              "score": 0.608,
              "tone_id": "analytical",
              "tone_name": "Analytical"
            },
            {
              "score": 0,
              "tone_id": "confident",
              "tone_name": "Confident"
            },
            {
              "score": 0,
              "tone_id": "tentative",
              "tone_name": "Tentative"
            }
          ],
          "category_id": "writing_tone",
          "category_name": "Writing Tone"
        },
        {
          "tones": [
            {
              "score": 0.558,
              "tone_id": "openness_big5",
              "tone_name": "Openness"
            },
            {
              "score": 0.928,
              "tone_id": "conscientiousness_big5",
              "tone_name": "Conscientiousness"
            },
            {
              "score": 0.251,
              "tone_id": "extraversion_big5",
              "tone_name": "Extraversion"
            },
            {
              "score": 0.793,
              "tone_id": "agreeableness_big5",
              "tone_name": "Agreeableness"
            },
            {
              "score": 0.548,
              "tone_id": "neuroticism_big5",
              "tone_name": "Emotional Range"
            }
          ],
          "category_id": "social_tone",
          "category_name": "Social Tone"
        }
      ],
      "className": "original-text--sentence_openness-medium"
    },
    {
      "sentence_id": 14,
      "text": "We have to do our job to close the deals.",
      "input_from": 794,
      "input_to": 835,
      "tone_categories": [
        {
          "tones": [
            {
              "score": 0.211538,
              "tone_id": "anger",
              "tone_name": "Anger"
            },
            {
              "score": 0.206096,
              "tone_id": "disgust",
              "tone_name": "Disgust"
            },
            {
              "score": 0.196262,
              "tone_id": "fear",
              "tone_name": "Fear"
            },
            {
              "score": 0.187841,
              "tone_id": "joy",
              "tone_name": "Joy"
            },
            {
              "score": 0.198263,
              "tone_id": "sadness",
              "tone_name": "Sadness"
            }
          ],
          "category_id": "emotion_tone",
          "category_name": "Emotion Tone"
        },
        {
          "tones": [
            {
              "score": 0,
              "tone_id": "analytical",
              "tone_name": "Analytical"
            },
            {
              "score": 0,
              "tone_id": "confident",
              "tone_name": "Confident"
            },
            {
              "score": 0,
              "tone_id": "tentative",
              "tone_name": "Tentative"
            }
          ],
          "category_id": "writing_tone",
          "category_name": "Writing Tone"
        },
        {
          "tones": [
            {
              "score": 0.137,
              "tone_id": "openness_big5",
              "tone_name": "Openness"
            },
            {
              "score": 0.793,
              "tone_id": "conscientiousness_big5",
              "tone_name": "Conscientiousness"
            },
            {
              "score": 0.792,
              "tone_id": "extraversion_big5",
              "tone_name": "Extraversion"
            },
            {
              "score": 0.948,
              "tone_id": "agreeableness_big5",
              "tone_name": "Agreeableness"
            },
            {
              "score": 0.165,
              "tone_id": "neuroticism_big5",
              "tone_name": "Emotional Range"
            }
          ],
          "category_id": "social_tone",
          "category_name": "Social Tone"
        }
      ],
      "className": "original-text--sentence_openness-low"
    }
  ]
}
