{
  "services": {
    "speech_to_text": [
        {
        "name": "rtt-speech-to-text",
        "label": "speech_to_text",
        "plan": "lite",
        "credentials": {
          "url": "https://stream.watsonplatform.net/speech-to-text/api",
          "username": "080abcc9-9013-4851-97dd-f1499cae5ba8",
          "password": "W3kcFWdTUPxx"
        }
      }
    ],
    "tone_analyzer": [
      {
        "name": "rtt-tone-analyzer",
        "label": "tone_analyzer",
        "plan": "lite",
        "credentials": {
          "isStreaming": false,
          "url": "https://gateway.watsonplatform.net/tone-analyzer/api",
          "username": "52e6b564-7c2a-431d-abfa-40b7d4d7fc1d",
          "password": "CuUshhGe3KBL"
        }
      }
    ]
  }
}
